--
-- PostgreSQL database dump
--

\restrict mWMeIjQTUknn44ezucPhgYuOr05gbaKQtgDfe7HuxsIdfA2eDakhJWuTDt0djTR

-- Dumped from database version 18.2
-- Dumped by pg_dump version 18.2

SET statement_timeout = 0;
SET lock_timeout = 0;
SET idle_in_transaction_session_timeout = 0;
SET transaction_timeout = 0;
SET client_encoding = 'UTF8';
SET standard_conforming_strings = on;
SELECT pg_catalog.set_config('search_path', '', false);
SET check_function_bodies = false;
SET xmloption = content;
SET client_min_messages = warning;
SET row_security = off;

SET default_tablespace = '';

SET default_table_access_method = heap;

--
-- Name: depo_yerleri; Type: TABLE; Schema: public; Owner: postgres
--

CREATE TABLE public.depo_yerleri (
    id integer NOT NULL,
    ad character varying
);


ALTER TABLE public.depo_yerleri OWNER TO postgres;

--
-- Name: depo_yerleri_id_seq; Type: SEQUENCE; Schema: public; Owner: postgres
--

CREATE SEQUENCE public.depo_yerleri_id_seq
    AS integer
    START WITH 1
    INCREMENT BY 1
    NO MINVALUE
    NO MAXVALUE
    CACHE 1;


ALTER SEQUENCE public.depo_yerleri_id_seq OWNER TO postgres;

--
-- Name: depo_yerleri_id_seq; Type: SEQUENCE OWNED BY; Schema: public; Owner: postgres
--

ALTER SEQUENCE public.depo_yerleri_id_seq OWNED BY public.depo_yerleri.id;


--
-- Name: islem_nedenleri; Type: TABLE; Schema: public; Owner: postgres
--

CREATE TABLE public.islem_nedenleri (
    id integer NOT NULL,
    ad character varying
);


ALTER TABLE public.islem_nedenleri OWNER TO postgres;

--
-- Name: islem_nedenleri_id_seq; Type: SEQUENCE; Schema: public; Owner: postgres
--

CREATE SEQUENCE public.islem_nedenleri_id_seq
    AS integer
    START WITH 1
    INCREMENT BY 1
    NO MINVALUE
    NO MAXVALUE
    CACHE 1;


ALTER SEQUENCE public.islem_nedenleri_id_seq OWNER TO postgres;

--
-- Name: islem_nedenleri_id_seq; Type: SEQUENCE OWNED BY; Schema: public; Owner: postgres
--

ALTER SEQUENCE public.islem_nedenleri_id_seq OWNED BY public.islem_nedenleri.id;


--
-- Name: kategoriler; Type: TABLE; Schema: public; Owner: postgres
--

CREATE TABLE public.kategoriler (
    id integer NOT NULL,
    ad character varying NOT NULL
);


ALTER TABLE public.kategoriler OWNER TO postgres;

--
-- Name: kategoriler_id_seq; Type: SEQUENCE; Schema: public; Owner: postgres
--

CREATE SEQUENCE public.kategoriler_id_seq
    AS integer
    START WITH 1
    INCREMENT BY 1
    NO MINVALUE
    NO MAXVALUE
    CACHE 1;


ALTER SEQUENCE public.kategoriler_id_seq OWNER TO postgres;

--
-- Name: kategoriler_id_seq; Type: SEQUENCE OWNED BY; Schema: public; Owner: postgres
--

ALTER SEQUENCE public.kategoriler_id_seq OWNED BY public.kategoriler.id;


--
-- Name: kullanicilar; Type: TABLE; Schema: public; Owner: postgres
--

CREATE TABLE public.kullanicilar (
    id integer NOT NULL,
    kullanici_adi character varying,
    sifre character varying,
    rol character varying,
    can_add_stock boolean DEFAULT true,
    can_exit_stock boolean DEFAULT true,
    can_edit_product boolean DEFAULT true,
    can_delete boolean DEFAULT true,
    can_manage_users boolean DEFAULT true,
    can_see_logs boolean DEFAULT true,
    rol_id integer,
    email character varying NOT NULL
);


ALTER TABLE public.kullanicilar OWNER TO postgres;

--
-- Name: kullanicilar_id_seq; Type: SEQUENCE; Schema: public; Owner: postgres
--

CREATE SEQUENCE public.kullanicilar_id_seq
    AS integer
    START WITH 1
    INCREMENT BY 1
    NO MINVALUE
    NO MAXVALUE
    CACHE 1;


ALTER SEQUENCE public.kullanicilar_id_seq OWNER TO postgres;

--
-- Name: kullanicilar_id_seq; Type: SEQUENCE OWNED BY; Schema: public; Owner: postgres
--

ALTER SEQUENCE public.kullanicilar_id_seq OWNED BY public.kullanicilar.id;


--
-- Name: musteriler; Type: TABLE; Schema: public; Owner: postgres
--

CREATE TABLE public.musteriler (
    id integer NOT NULL,
    ad character varying NOT NULL
);


ALTER TABLE public.musteriler OWNER TO postgres;

--
-- Name: musteriler_id_seq; Type: SEQUENCE; Schema: public; Owner: postgres
--

CREATE SEQUENCE public.musteriler_id_seq
    AS integer
    START WITH 1
    INCREMENT BY 1
    NO MINVALUE
    NO MAXVALUE
    CACHE 1;


ALTER SEQUENCE public.musteriler_id_seq OWNER TO postgres;

--
-- Name: musteriler_id_seq; Type: SEQUENCE OWNED BY; Schema: public; Owner: postgres
--

ALTER SEQUENCE public.musteriler_id_seq OWNED BY public.musteriler.id;


--
-- Name: roller; Type: TABLE; Schema: public; Owner: postgres
--

CREATE TABLE public.roller (
    id integer NOT NULL,
    ad character varying,
    can_add_stock boolean,
    can_exit_stock boolean,
    can_edit_product boolean,
    can_delete boolean,
    can_manage_users boolean,
    can_see_logs boolean
);


ALTER TABLE public.roller OWNER TO postgres;

--
-- Name: roller_id_seq; Type: SEQUENCE; Schema: public; Owner: postgres
--

CREATE SEQUENCE public.roller_id_seq
    AS integer
    START WITH 1
    INCREMENT BY 1
    NO MINVALUE
    NO MAXVALUE
    CACHE 1;


ALTER SEQUENCE public.roller_id_seq OWNER TO postgres;

--
-- Name: roller_id_seq; Type: SEQUENCE OWNED BY; Schema: public; Owner: postgres
--

ALTER SEQUENCE public.roller_id_seq OWNED BY public.roller.id;


--
-- Name: sayimlar; Type: TABLE; Schema: public; Owner: postgres
--

CREATE TABLE public.sayimlar (
    id integer NOT NULL,
    barkod character varying,
    lot_no character varying,
    miktar integer,
    kayit_tarihi timestamp without time zone,
    urun_adi character varying
);


ALTER TABLE public.sayimlar OWNER TO postgres;

--
-- Name: sayimlar_id_seq; Type: SEQUENCE; Schema: public; Owner: postgres
--

CREATE SEQUENCE public.sayimlar_id_seq
    AS integer
    START WITH 1
    INCREMENT BY 1
    NO MINVALUE
    NO MAXVALUE
    CACHE 1;


ALTER SEQUENCE public.sayimlar_id_seq OWNER TO postgres;

--
-- Name: sayimlar_id_seq; Type: SEQUENCE OWNED BY; Schema: public; Owner: postgres
--

ALTER SEQUENCE public.sayimlar_id_seq OWNED BY public.sayimlar.id;


--
-- Name: stok_hareketleri; Type: TABLE; Schema: public; Owner: postgres
--

CREATE TABLE public.stok_hareketleri (
    id integer NOT NULL,
    urun_barkod character varying,
    urun_isim character varying,
    miktar_degisimi integer,
    islem_tipi character varying,
    tarih timestamp without time zone,
    urun_lot character varying,
    islem_no integer,
    musteri_ad character varying,
    islem_yapan character varying,
    aciklama character varying,
    islem_nedeni character varying
);


ALTER TABLE public.stok_hareketleri OWNER TO postgres;

--
-- Name: stok_hareketleri_id_seq; Type: SEQUENCE; Schema: public; Owner: postgres
--

CREATE SEQUENCE public.stok_hareketleri_id_seq
    AS integer
    START WITH 1
    INCREMENT BY 1
    NO MINVALUE
    NO MAXVALUE
    CACHE 1;


ALTER SEQUENCE public.stok_hareketleri_id_seq OWNER TO postgres;

--
-- Name: stok_hareketleri_id_seq; Type: SEQUENCE OWNED BY; Schema: public; Owner: postgres
--

ALTER SEQUENCE public.stok_hareketleri_id_seq OWNED BY public.stok_hareketleri.id;


--
-- Name: urunler; Type: TABLE; Schema: public; Owner: postgres
--

CREATE TABLE public.urunler (
    id integer NOT NULL,
    barkod character varying NOT NULL,
    isim character varying NOT NULL,
    miktar integer,
    kategori_id integer,
    lot character varying,
    yer character varying
);


ALTER TABLE public.urunler OWNER TO postgres;

--
-- Name: urunler_id_seq; Type: SEQUENCE; Schema: public; Owner: postgres
--

CREATE SEQUENCE public.urunler_id_seq
    AS integer
    START WITH 1
    INCREMENT BY 1
    NO MINVALUE
    NO MAXVALUE
    CACHE 1;


ALTER SEQUENCE public.urunler_id_seq OWNER TO postgres;

--
-- Name: urunler_id_seq; Type: SEQUENCE OWNED BY; Schema: public; Owner: postgres
--

ALTER SEQUENCE public.urunler_id_seq OWNED BY public.urunler.id;


--
-- Name: depo_yerleri id; Type: DEFAULT; Schema: public; Owner: postgres
--

ALTER TABLE ONLY public.depo_yerleri ALTER COLUMN id SET DEFAULT nextval('public.depo_yerleri_id_seq'::regclass);


--
-- Name: islem_nedenleri id; Type: DEFAULT; Schema: public; Owner: postgres
--

ALTER TABLE ONLY public.islem_nedenleri ALTER COLUMN id SET DEFAULT nextval('public.islem_nedenleri_id_seq'::regclass);


--
-- Name: kategoriler id; Type: DEFAULT; Schema: public; Owner: postgres
--

ALTER TABLE ONLY public.kategoriler ALTER COLUMN id SET DEFAULT nextval('public.kategoriler_id_seq'::regclass);


--
-- Name: kullanicilar id; Type: DEFAULT; Schema: public; Owner: postgres
--

ALTER TABLE ONLY public.kullanicilar ALTER COLUMN id SET DEFAULT nextval('public.kullanicilar_id_seq'::regclass);


--
-- Name: musteriler id; Type: DEFAULT; Schema: public; Owner: postgres
--

ALTER TABLE ONLY public.musteriler ALTER COLUMN id SET DEFAULT nextval('public.musteriler_id_seq'::regclass);


--
-- Name: roller id; Type: DEFAULT; Schema: public; Owner: postgres
--

ALTER TABLE ONLY public.roller ALTER COLUMN id SET DEFAULT nextval('public.roller_id_seq'::regclass);


--
-- Name: sayimlar id; Type: DEFAULT; Schema: public; Owner: postgres
--

ALTER TABLE ONLY public.sayimlar ALTER COLUMN id SET DEFAULT nextval('public.sayimlar_id_seq'::regclass);


--
-- Name: stok_hareketleri id; Type: DEFAULT; Schema: public; Owner: postgres
--

ALTER TABLE ONLY public.stok_hareketleri ALTER COLUMN id SET DEFAULT nextval('public.stok_hareketleri_id_seq'::regclass);


--
-- Name: urunler id; Type: DEFAULT; Schema: public; Owner: postgres
--

ALTER TABLE ONLY public.urunler ALTER COLUMN id SET DEFAULT nextval('public.urunler_id_seq'::regclass);


--
-- Data for Name: depo_yerleri; Type: TABLE DATA; Schema: public; Owner: postgres
--

COPY public.depo_yerleri (id, ad) FROM stdin;
\.


--
-- Data for Name: islem_nedenleri; Type: TABLE DATA; Schema: public; Owner: postgres
--

COPY public.islem_nedenleri (id, ad) FROM stdin;
\.


--
-- Data for Name: kategoriler; Type: TABLE DATA; Schema: public; Owner: postgres
--

COPY public.kategoriler (id, ad) FROM stdin;
115	CONCEPT
116	VERY
117	GENEL
118	UNIVERSE 5
\.


--
-- Data for Name: kullanicilar; Type: TABLE DATA; Schema: public; Owner: postgres
--

COPY public.kullanicilar (id, kullanici_adi, sifre, rol, can_add_stock, can_exit_stock, can_edit_product, can_delete, can_manage_users, can_see_logs, rol_id, email) FROM stdin;
37	MEHMET	memo	\N	t	t	t	t	t	t	2	mehmetbasci58@hotmail.com
1	METEHAN	1881	admin	t	t	t	t	t	t	1	metehanakcan@gmail.com
39	MUHASEBE	010605	\N	t	t	t	t	t	t	3	umit@ardatasarim.com.tr
36	BÜLENT	0105	\N	t	t	t	t	t	t	2	bsevilen0105@gmail.com
\.


--
-- Data for Name: musteriler; Type: TABLE DATA; Schema: public; Owner: postgres
--

COPY public.musteriler (id, ad) FROM stdin;
28	CRAFT
29	MAPA
30	ARAS
31	ERBALCI
\.


--
-- Data for Name: roller; Type: TABLE DATA; Schema: public; Owner: postgres
--

COPY public.roller (id, ad, can_add_stock, can_exit_stock, can_edit_product, can_delete, can_manage_users, can_see_logs) FROM stdin;
1	ADMIN	t	t	t	t	t	t
2	DEPOCU	t	t	t	f	f	t
3	KULLANICI	f	f	f	f	f	t
\.


--
-- Data for Name: sayimlar; Type: TABLE DATA; Schema: public; Owner: postgres
--

COPY public.sayimlar (id, barkod, lot_no, miktar, kayit_tarihi, urun_adi) FROM stdin;
\.


--
-- Data for Name: stok_hareketleri; Type: TABLE DATA; Schema: public; Owner: postgres
--

COPY public.stok_hareketleri (id, urun_barkod, urun_isim, miktar_degisimi, islem_tipi, tarih, urun_lot, islem_no, musteri_ad, islem_yapan, aciklama, islem_nedeni) FROM stdin;
1221	5411012537593	CO1001	96	GİRİŞ	2026-06-05 15:17:02.239974	444146/01	1	EXCEL TOPLU YÜKLEME	METEHAN		\N
1222	5411012537609	CO1002	96	GİRİŞ	2026-06-05 15:17:02.239979	444148/01	1	EXCEL TOPLU YÜKLEME	METEHAN		\N
1223	5411012537616	CO1003	96	GİRİŞ	2026-06-05 15:17:02.23998	443595/01	1	EXCEL TOPLU YÜKLEME	METEHAN		\N
1224	5411012537623	CO1004	24	GİRİŞ	2026-06-05 15:17:02.239982	443177/01	1	EXCEL TOPLU YÜKLEME	METEHAN		\N
1225	5411012537630	CO1005	24	GİRİŞ	2026-06-05 15:17:02.239984	443274/01	1	EXCEL TOPLU YÜKLEME	METEHAN		\N
1226	5411012537647	CO1006	96	GİRİŞ	2026-06-05 15:17:02.239985	443856/01	1	EXCEL TOPLU YÜKLEME	METEHAN		\N
1227	5411012537654	CO1007	204	GİRİŞ	2026-06-05 15:17:02.239987	444152/01	1	EXCEL TOPLU YÜKLEME	METEHAN		\N
1228	5411012537661	CO1008	96	GİRİŞ	2026-06-05 15:17:02.239989	442310/01	1	EXCEL TOPLU YÜKLEME	METEHAN		\N
1229	5411012537678	CO1009	96	GİRİŞ	2026-06-05 15:17:02.23999	443276/01	1	EXCEL TOPLU YÜKLEME	METEHAN		\N
1230	5411012537685	CO1010	96	GİRİŞ	2026-06-05 15:17:02.239992	444145/01	1	EXCEL TOPLU YÜKLEME	METEHAN		\N
1231	5411012537692	CO1011	96	GİRİŞ	2026-06-05 15:17:02.239994	443559/01	1	EXCEL TOPLU YÜKLEME	METEHAN		\N
1232	5411012537708	CO1012	30	GİRİŞ	2026-06-05 15:17:02.239995	443741/01	1	EXCEL TOPLU YÜKLEME	METEHAN		\N
1233	5411012537715	CO1013	24	GİRİŞ	2026-06-05 15:17:02.239997	443606/01	1	EXCEL TOPLU YÜKLEME	METEHAN		\N
1234	5411012537722	CO1014	60	GİRİŞ	2026-06-05 15:17:02.239999	441812/01	1	EXCEL TOPLU YÜKLEME	METEHAN		\N
1235	5411012537739	CO1015	18	GİRİŞ	2026-06-05 15:17:02.24	441962/01	1	EXCEL TOPLU YÜKLEME	METEHAN		\N
1236	5411012537746	CO1016	96	GİRİŞ	2026-06-05 15:17:02.240002	443560/01	1	EXCEL TOPLU YÜKLEME	METEHAN		\N
1237	5411012537753	CO1017	96	GİRİŞ	2026-06-05 15:17:02.240003	443607/01	1	EXCEL TOPLU YÜKLEME	METEHAN		\N
1238	5411012537760	CO1018	30	GİRİŞ	2026-06-05 15:17:02.240005	443742/01	1	EXCEL TOPLU YÜKLEME	METEHAN		\N
1239	5411012537777	CO1019	30	GİRİŞ	2026-06-05 15:17:02.240006	443608/01	1	EXCEL TOPLU YÜKLEME	METEHAN		\N
1240	5411012537784	CO1020	30	GİRİŞ	2026-06-05 15:17:02.240008	443561/01	1	EXCEL TOPLU YÜKLEME	METEHAN		\N
1241	5411012537906	CO1101	30	GİRİŞ	2026-06-05 15:17:02.240009	443345/01	1	EXCEL TOPLU YÜKLEME	METEHAN		\N
1242	5411012537913	CO1102	36	GİRİŞ	2026-06-05 15:17:02.240011	443562/01	1	EXCEL TOPLU YÜKLEME	METEHAN		\N
1243	5411012537920	CO1103	30	GİRİŞ	2026-06-05 15:17:02.240013	443563/01	1	EXCEL TOPLU YÜKLEME	METEHAN		\N
1244	5411012537937	CO1104	18	GİRİŞ	2026-06-05 15:17:02.240014	443743/01	1	EXCEL TOPLU YÜKLEME	METEHAN		\N
1245	5411012537944	CO1105	24	GİRİŞ	2026-06-05 15:17:02.240016	440844/02	1	EXCEL TOPLU YÜKLEME	METEHAN		\N
1246	5411012537951	CO1106	30	GİRİŞ	2026-06-05 15:17:02.240017	442758/01	1	EXCEL TOPLU YÜKLEME	METEHAN		\N
1247	5411012537975	CO1201	156	GİRİŞ	2026-06-05 15:17:02.240019	443744/01	1	EXCEL TOPLU YÜKLEME	METEHAN		\N
1248	5411012537982	CO1202	156	GİRİŞ	2026-06-05 15:17:02.24002	444174/01	1	EXCEL TOPLU YÜKLEME	METEHAN		\N
1249	5411012537999	CO1203	96	GİRİŞ	2026-06-05 15:17:02.240022	443746/01	1	EXCEL TOPLU YÜKLEME	METEHAN		\N
1250	5411012538002	CO1204	30	GİRİŞ	2026-06-05 15:17:02.240023	440896/01	1	EXCEL TOPLU YÜKLEME	METEHAN		\N
1251	5411012538019	CO1205	96	GİRİŞ	2026-06-05 15:17:02.240025	442762/01	1	EXCEL TOPLU YÜKLEME	METEHAN		\N
1252	5411012538026	CO1206	156	GİRİŞ	2026-06-05 15:17:02.240026	443749/01	1	EXCEL TOPLU YÜKLEME	METEHAN		\N
1253	5411012537791	CO3001	96	GİRİŞ	2026-06-05 15:17:02.240028	440815/01	1	EXCEL TOPLU YÜKLEME	METEHAN		\N
1254	5411012537807	CO3002	96	GİRİŞ	2026-06-05 15:17:02.24003	440816/01	1	EXCEL TOPLU YÜKLEME	METEHAN		\N
1255	5411012537814	CO3003	96	GİRİŞ	2026-06-05 15:17:02.240031	440817/01	1	EXCEL TOPLU YÜKLEME	METEHAN		\N
1256	5411012537821	CO3004	0	GİRİŞ	2026-06-05 15:17:02.240033	0	1	EXCEL TOPLU YÜKLEME	METEHAN		\N
1257	5411012537852	CO3005	30	GİRİŞ	2026-06-05 15:17:02.240034	440819/01	1	EXCEL TOPLU YÜKLEME	METEHAN		\N
1258	5411012537838	CO3006	30	GİRİŞ	2026-06-05 15:17:02.240036	440820/01	1	EXCEL TOPLU YÜKLEME	METEHAN		\N
1259	5411012537845	CO3007	30	GİRİŞ	2026-06-05 15:17:02.240037	440821/01	1	EXCEL TOPLU YÜKLEME	METEHAN		\N
1260	5411012537876	CO3008	18	GİRİŞ	2026-06-05 15:17:02.240039	440822/01	1	EXCEL TOPLU YÜKLEME	METEHAN		\N
1261	5411012537869	CO3009	96	GİRİŞ	2026-06-05 15:17:02.24004	443981/01	1	EXCEL TOPLU YÜKLEME	METEHAN		\N
1262	5411012537883	CO3010	96	GİRİŞ	2026-06-05 15:17:02.240042	443982/01	1	EXCEL TOPLU YÜKLEME	METEHAN		\N
1263	5411012538378	CO3101	30	GİRİŞ	2026-06-05 15:17:02.240043	442765/01	1	EXCEL TOPLU YÜKLEME	METEHAN		\N
1264	5411012538385	CO3102	30	GİRİŞ	2026-06-05 15:17:02.240045	442766/01	1	EXCEL TOPLU YÜKLEME	METEHAN		\N
1265	5411012538392	CO3103	30	GİRİŞ	2026-06-05 15:17:02.240047	443752/01	1	EXCEL TOPLU YÜKLEME	METEHAN		\N
1266	5411012524869	VE1001	30	GİRİŞ	2026-06-05 15:17:28.417544	439332	2	EXCEL TOPLU YÜKLEME	METEHAN		\N
1267	5411012524876	VE1002	21	GİRİŞ	2026-06-05 15:17:28.417552	438630	2	EXCEL TOPLU YÜKLEME	METEHAN		\N
1268	5411012524883	VE1003	22	GİRİŞ	2026-06-05 15:17:28.417554	438631	2	EXCEL TOPLU YÜKLEME	METEHAN		\N
1269	5411012524890	VE1004	14	GİRİŞ	2026-06-05 15:17:28.417556	438632	2	EXCEL TOPLU YÜKLEME	METEHAN		\N
1270	5411012524906	VE1005	15	GİRİŞ	2026-06-05 15:17:28.417558	438633	2	EXCEL TOPLU YÜKLEME	METEHAN		\N
1271	5411012524913	VE1006	18	GİRİŞ	2026-06-05 15:17:28.417561	437069	2	EXCEL TOPLU YÜKLEME	METEHAN		\N
1272	5411012525972	VE1101	35	GİRİŞ	2026-06-05 15:17:28.417563	439071	2	EXCEL TOPLU YÜKLEME	METEHAN		\N
1273	5411012525989	VE1102	36	GİRİŞ	2026-06-05 15:17:28.417565	438407	2	EXCEL TOPLU YÜKLEME	METEHAN		\N
1274	5411012525996	VE1103	81	GİRİŞ	2026-06-05 15:17:28.417567	438408	2	EXCEL TOPLU YÜKLEME	METEHAN		\N
1275	5411012526009	VE1104	46	GİRİŞ	2026-06-05 15:17:28.417569	438409	2	EXCEL TOPLU YÜKLEME	METEHAN		\N
1276	5411012526016	VE1105	18	GİRİŞ	2026-06-05 15:17:28.417571	439075	2	EXCEL TOPLU YÜKLEME	METEHAN		\N
1277	5411012526023	VE1106	40	GİRİŞ	2026-06-05 15:17:28.417573	439076	2	EXCEL TOPLU YÜKLEME	METEHAN		\N
1278	5411012526047	VE1108	48	GİRİŞ	2026-06-05 15:17:28.417575	438412	2	EXCEL TOPLU YÜKLEME	METEHAN		\N
1279	5411012526054	VE1109	45	GİRİŞ	2026-06-05 15:17:28.417577	438413	2	EXCEL TOPLU YÜKLEME	METEHAN		\N
1280	5411012526061	VE1110	44	GİRİŞ	2026-06-05 15:17:28.417579	437730	2	EXCEL TOPLU YÜKLEME	METEHAN		\N
1281	5411012526078	VE1111	7	GİRİŞ	2026-06-05 15:17:28.417582	437731	2	EXCEL TOPLU YÜKLEME	METEHAN		\N
1282	5411012526085	VE1112	44	GİRİŞ	2026-06-05 15:17:28.417584	437732	2	EXCEL TOPLU YÜKLEME	METEHAN		\N
1283	5411012526092	VE1113	30	GİRİŞ	2026-06-05 15:17:28.417587	437733	2	EXCEL TOPLU YÜKLEME	METEHAN		\N
1284	5411012526795	VE1201	31	GİRİŞ	2026-06-05 15:17:28.417588	435937	2	EXCEL TOPLU YÜKLEME	METEHAN		\N
1285	5411012526801	VE1202	20	GİRİŞ	2026-06-05 15:17:28.41759	435938	2	EXCEL TOPLU YÜKLEME	METEHAN		\N
1286	5411012526818	VE1203	15	GİRİŞ	2026-06-05 15:17:28.417593	435939	2	EXCEL TOPLU YÜKLEME	METEHAN		\N
1287	5411012526825	VE1204	26	GİRİŞ	2026-06-05 15:17:28.417595	435940	2	EXCEL TOPLU YÜKLEME	METEHAN		\N
1288	5411012526832	VE1205	12	GİRİŞ	2026-06-05 15:17:28.417597	435941	2	EXCEL TOPLU YÜKLEME	METEHAN		\N
1289	5411012528072	VE1301	5	GİRİŞ	2026-06-05 15:17:28.417599	437087	2	EXCEL TOPLU YÜKLEME	METEHAN		\N
1290	5411012528089	VE1304	31	GİRİŞ	2026-06-05 15:17:28.417601	437089	2	EXCEL TOPLU YÜKLEME	METEHAN		\N
1291	5411012528119	VE1305	36	GİRİŞ	2026-06-05 15:17:28.417603	436262	2	EXCEL TOPLU YÜKLEME	METEHAN		\N
1292	5411012528126	VE1306	6	GİRİŞ	2026-06-05 15:17:28.417605	436263	2	EXCEL TOPLU YÜKLEME	METEHAN		\N
1293	5411012528133	VE1307	24	GİRİŞ	2026-06-05 15:17:28.417607	436264	2	EXCEL TOPLU YÜKLEME	METEHAN		\N
1294	5411012528140	VE1308	29	GİRİŞ	2026-06-05 15:17:28.417609	438415	2	EXCEL TOPLU YÜKLEME	METEHAN		\N
1295	5411012524968	VE3001	6	GİRİŞ	2026-06-05 15:17:28.417611	437090	2	EXCEL TOPLU YÜKLEME	METEHAN		\N
1296	5411012524975	VE3002	0	GİRİŞ	2026-06-05 15:17:28.417612	0	2	EXCEL TOPLU YÜKLEME	METEHAN		\N
1297	5411012524982	VE3003	0	GİRİŞ	2026-06-05 15:17:28.417615	0	2	EXCEL TOPLU YÜKLEME	METEHAN		\N
1298	5411012524999	VE3004	9	GİRİŞ	2026-06-05 15:17:28.417617	437093	2	EXCEL TOPLU YÜKLEME	METEHAN		\N
1299	5411012525002	VE3005	0	GİRİŞ	2026-06-05 15:17:28.417618	0	2	EXCEL TOPLU YÜKLEME	METEHAN		\N
1300	5411012525132	VE3201	30	GİRİŞ	2026-06-05 15:17:28.41762	439926	2	EXCEL TOPLU YÜKLEME	METEHAN		\N
1301	5411012525149	VE3202	6	GİRİŞ	2026-06-05 15:17:28.417622	438212	2	EXCEL TOPLU YÜKLEME	METEHAN		\N
1302	5411012525156	VE3203	6	GİRİŞ	2026-06-05 15:17:28.417624	438213	2	EXCEL TOPLU YÜKLEME	METEHAN		\N
1303	5411012525163	VE3204	12	GİRİŞ	2026-06-05 15:17:28.417626	439080	2	EXCEL TOPLU YÜKLEME	METEHAN		\N
1304	5411012525170	VE3205	2	GİRİŞ	2026-06-05 15:17:28.417628	439081	2	EXCEL TOPLU YÜKLEME	METEHAN		\N
1305	5411012528195	VE3301	0	GİRİŞ	2026-06-05 15:17:28.417629	0	2	EXCEL TOPLU YÜKLEME	METEHAN		\N
1306	5411012528201	VE3306	1	GİRİŞ	2026-06-05 15:17:28.417631	436461	2	EXCEL TOPLU YÜKLEME	METEHAN		\N
1307	5411012528218	VE3307	0	GİRİŞ	2026-06-05 15:17:28.417633	0	2	EXCEL TOPLU YÜKLEME	METEHAN		\N
1308	5411012528225	VE3308	0	GİRİŞ	2026-06-05 15:17:28.417635	0	2	EXCEL TOPLU YÜKLEME	METEHAN		\N
1309	5411012528232	VE3317	0	GİRİŞ	2026-06-05 15:17:28.417637	0	2	EXCEL TOPLU YÜKLEME	METEHAN		\N
1310	5411012537777	CO1019	-1	ÇIKIŞ	2026-06-05 15:18:22.626942	443608/01	3	CRAFT	METEHAN		\N
1311	5411012537647	CO1006	-40	ÇIKIŞ	2026-06-05 15:18:41.835452	443856/01	4	BELİRTİLMEDİ	METEHAN	PARK CADDESİ	\N
1312	5411012528218	VE3307	-1	ÇIKIŞ (GÜNCELLEME)	2026-06-05 15:34:22.466142	0	5	EXCEL TOPLU GÜNCELLEME	METEHAN	Miktar 1->0, Yer: 	\N
1313	5411012528232	VE3317	0	GÜNCELLEME	2026-06-05 15:34:22.466154	1	5	EXCEL TOPLU GÜNCELLEME	METEHAN	Miktar 0->0, Yer: 	\N
1314	5411012528218	VE3307	1	GİRİŞ (GÜNCELLEME)	2026-06-05 15:34:50.561838	0	6	EXCEL TOPLU GÜNCELLEME	METEHAN	Miktar 0->1, Yer: 	\N
1315	5411012528232	VE3317	0	GÜNCELLEME	2026-06-05 15:34:50.561844	0	6	EXCEL TOPLU GÜNCELLEME	METEHAN	Miktar 0->0, Yer: 	\N
1316	5411012537975	CO1201	-2	ÇIKIŞ	2026-06-05 17:01:39.499786	443744/01	7	BELİRTİLMEDİ	METEHAN		\N
1317	5411012524906	VE1005	-6	ÇIKIŞ	2026-06-05 17:01:39.499793	438633	7	BELİRTİLMEDİ	METEHAN		\N
1318	5411012537722	CO1014	-2	ÇIKIŞ	2026-06-05 17:02:53.580906	441812/01	8	BELİRTİLMEDİ	METEHAN		\N
1319	5411012537593	CO1001J	0	BİLGİ GÜNCELLEME | YAPAN: METEHAN	2026-06-06 09:03:05.397975	444146/01	\N	\N	\N	\N	\N
1320	5411012537593	CO1001	0	BİLGİ GÜNCELLEME | YAPAN: METEHAN	2026-06-06 09:03:09.492147	444146/01	\N	\N	\N	\N	\N
1321	5411012537593	CO1001	0	BİLGİ GÜNCELLEME | YAPAN: METEHAN	2026-06-06 10:47:09.471761	444146/01 -> 444146/011	\N	\N	\N	\N	\N
1322	5411012537593	CO1001	0	BİLGİ GÜNCELLEME | YAPAN: METEHAN	2026-06-06 10:47:29.956401	444146/011 -> 444146/01	\N	\N	\N	\N	\N
1323	5411012526016	VE1105	1	GİRİŞ | İADE GELEN	2026-06-06 11:24:38.683329	439075	1	\N	METEHAN		\N
1324	5411012525170	VE3205	1	GİRİŞ | İADE GELEN	2026-06-06 11:25:02.082494	439081	2	\N	METEHAN		\N
1325	5411012537593	CO1001	0	BİLGİ GÜNCELLEME | YAPAN: METEHAN	2026-06-06 12:01:34.122735	None -> 444146/011	\N	\N	\N	\N	\N
1326	5411012537593	CO1001	0	BİLGİ GÜNCELLEME | YAPAN: METEHAN	2026-06-06 12:02:10.201788	None -> 444146/01	\N	\N	\N	\N	\N
1327	5411012537593	CO1001	0	BİLGİ GÜNCELLEME | BİLGİ GÜNCELLEME | YAPAN: METEHAN	2026-06-06 13:07:58.806948	444146/013	\N	\N	\N	\N	\N
1328	5411012537593	CO1001	0	BİLGİ GÜNCELLEME | BİLGİ GÜNCELLEME | YAPAN: METEHAN	2026-06-06 13:08:13.95401	444146/01	\N	\N	\N	\N	\N
1329	1	DENEME	1	GİRİŞ | SATIN ALMA	2026-06-06 13:08:55.243923	1	1	\N	METEHAN	bilgi	\N
1330	1	DENEME	-1	ÇIKIŞ	2026-06-06 13:14:48.645473	1	2	MAPA	METEHAN	not	\N
1331	1	DENEME	3	GİRİŞ | SAYIM FAZLASI	2026-06-06 13:15:56.896928	1	3	\N	METEHAN	not	\N
1332	1	DENEME	-3	ÇIKIŞ	2026-06-06 13:16:11.499924	1	4	MAPA	METEHAN	nott	\N
1333	1	DENEME	1	GİRİŞ | SATIN ALMA	2026-06-06 13:19:43.084251	1	5	\N	METEHAN		\N
1334	5411012537593	CO1001	0	BİLGİ GÜNCELLEME | BİLGİ GÜNCELLEME | YAPAN: METEHAN	2026-06-06 14:01:41.23589	444146/011	\N	\N	\N	\N	\N
1335	5411012537593	CO1001	0	BİLGİ GÜNCELLEME | BİLGİ GÜNCELLEME | YAPAN: METEHAN	2026-06-06 14:01:47.354622	444146/01	\N	\N	\N	\N	\N
1336	1	DENEME	1	GİRİŞ | SATIN ALMA	2026-06-06 14:02:34.390183	1	1	\N	METEHAN		\N
1337	1	DENEME	-2	ÇIKIŞ	2026-06-06 14:03:41.391484	1	2	CRAFT	METEHAN	dsdsd	\N
1338	5411012512354	UI1001	37	GİRİŞ	2026-06-06 15:47:05.507711	438405	3	EXCEL TOPLU YÜKLEME	METEHAN		\N
1339	5411012512354	UI1001	2	GİRİŞ	2026-06-06 15:47:05.507718	432087	3	EXCEL TOPLU YÜKLEME	METEHAN		\N
1340	5411012512262	UI1002	6	GİRİŞ	2026-06-06 15:47:05.507719	432944	3	EXCEL TOPLU YÜKLEME	METEHAN		\N
1341	5411012512262	UI1002	36	GİRİŞ	2026-06-06 15:47:05.507721	438872	3	EXCEL TOPLU YÜKLEME	METEHAN		\N
1342	5411012512262	UI1002	4	GİRİŞ	2026-06-06 15:47:05.507722	432184	3	EXCEL TOPLU YÜKLEME	METEHAN		\N
1343	5411012512279	UI1003	30	GİRİŞ	2026-06-06 15:47:05.507723	438873	3	EXCEL TOPLU YÜKLEME	METEHAN		\N
1344	5411012512279	UI1003	5	GİRİŞ	2026-06-06 15:47:05.507724	427894	3	EXCEL TOPLU YÜKLEME	METEHAN		\N
1345	5411012512279	UI1003	25	GİRİŞ	2026-06-06 15:47:05.507725	431696	3	EXCEL TOPLU YÜKLEME	METEHAN		\N
1346	5411012512286	UI1004	24	GİRİŞ	2026-06-06 15:47:05.507726	431695	3	EXCEL TOPLU YÜKLEME	METEHAN		\N
1347	5411012512286	UI1004	3	GİRİŞ	2026-06-06 15:47:05.507727	429980	3	EXCEL TOPLU YÜKLEME	METEHAN		\N
1348	5411012512293	UI1005	72	GİRİŞ	2026-06-06 15:47:05.507729	440762	3	EXCEL TOPLU YÜKLEME	METEHAN		\N
1349	5411012512293	UI1005	9	GİRİŞ	2026-06-06 15:47:05.50773	434196	3	EXCEL TOPLU YÜKLEME	METEHAN		\N
1350	5411012512293	UI1005	23	GİRİŞ	2026-06-06 15:47:05.507732	438875	3	EXCEL TOPLU YÜKLEME	METEHAN		\N
1351	5411012512293	UI1005	1	GİRİŞ	2026-06-06 15:47:05.507733	432824	3	EXCEL TOPLU YÜKLEME	METEHAN		\N
1352	5411012512309	UI1006	24	GİRİŞ	2026-06-06 15:47:05.507734	439523	3	EXCEL TOPLU YÜKLEME	METEHAN		\N
1353	5411012512309	UI1006	45	GİRİŞ	2026-06-06 15:47:05.507736	430741	3	EXCEL TOPLU YÜKLEME	METEHAN		\N
1354	5411012512309	UI1006	18	GİRİŞ	2026-06-06 15:47:05.507737	437869	3	EXCEL TOPLU YÜKLEME	METEHAN		\N
1355	5411012512316	UI1007	25	GİRİŞ	2026-06-06 15:47:05.507738	423983	3	EXCEL TOPLU YÜKLEME	METEHAN		\N
1356	5411012512323	UI1008	22	GİRİŞ	2026-06-06 15:47:05.507739	431698	3	EXCEL TOPLU YÜKLEME	METEHAN		\N
1357	5411012512330	UI1009	30	GİRİŞ	2026-06-06 15:47:05.50774	438876	3	EXCEL TOPLU YÜKLEME	METEHAN		\N
1358	5411012512330	UI1009	20	GİRİŞ	2026-06-06 15:47:05.507741	433666	3	EXCEL TOPLU YÜKLEME	METEHAN		\N
1359	5411012512347	UI1010	30	GİRİŞ	2026-06-06 15:47:05.507742	438877	3	EXCEL TOPLU YÜKLEME	METEHAN		\N
1360	5411012512347	UI1010	18	GİRİŞ	2026-06-06 15:47:05.507743	431699	3	EXCEL TOPLU YÜKLEME	METEHAN		\N
1361	5411012511241	UI2001	27	GİRİŞ	2026-06-06 15:47:05.507745	430466	3	EXCEL TOPLU YÜKLEME	METEHAN		\N
1362	5411012511258	UI2003	12	GİRİŞ	2026-06-06 15:47:05.507746	430742	3	EXCEL TOPLU YÜKLEME	METEHAN		\N
1363	5411012511258	UI2003	8	GİRİŞ	2026-06-06 15:47:05.507747	429609	3	EXCEL TOPLU YÜKLEME	METEHAN		\N
1364	5411012511258	UI2003	12	GİRİŞ	2026-06-06 15:47:05.507748	437871	3	EXCEL TOPLU YÜKLEME	METEHAN		\N
1365	5411012511265	UI2009	12	GİRİŞ	2026-06-06 15:47:05.507749	429434	3	EXCEL TOPLU YÜKLEME	METEHAN		\N
1366	5411012511289	UI2010	22	GİRİŞ	2026-06-06 15:47:05.50775	427219	3	EXCEL TOPLU YÜKLEME	METEHAN		\N
1367	5411012511272	UI2011	24	GİRİŞ	2026-06-06 15:47:05.507751	429435	3	EXCEL TOPLU YÜKLEME	METEHAN		\N
1368	5411012511180	UI3001	18	GİRİŞ	2026-06-06 15:47:05.507752	432088	3	EXCEL TOPLU YÜKLEME	METEHAN		\N
1369	5411012511180	UI3001	20	GİRİŞ	2026-06-06 15:47:05.507753	429987	3	EXCEL TOPLU YÜKLEME	METEHAN		\N
1370	5411012511180	UI3001	1	GİRİŞ	2026-06-06 15:47:05.507754	427221	3	EXCEL TOPLU YÜKLEME	METEHAN		\N
1371	5411012511210	UI3003	20	GİRİŞ	2026-06-06 15:47:05.507755	427222	3	EXCEL TOPLU YÜKLEME	METEHAN		\N
1372	5411012511197	UI3009	12	GİRİŞ	2026-06-06 15:47:05.507756	429989	3	EXCEL TOPLU YÜKLEME	METEHAN		\N
1373	5411012511197	UI3009	30	GİRİŞ	2026-06-06 15:47:05.507757	434566	3	EXCEL TOPLU YÜKLEME	METEHAN		\N
1374	5411012511203	UI3010	11	GİRİŞ	2026-06-06 15:47:05.507758	429990	3	EXCEL TOPLU YÜKLEME	METEHAN		\N
1375	5411012511234	UI3011	57	GİRİŞ	2026-06-06 15:47:05.507759	429991	3	EXCEL TOPLU YÜKLEME	METEHAN		\N
1376	5411012511227	UI3033	25	GİRİŞ	2026-06-06 15:47:05.50776	427226	3	EXCEL TOPLU YÜKLEME	METEHAN		\N
1379	5411012512217	UI3102	17	GİRİŞ	2026-06-06 15:47:05.507763	427754	3	EXCEL TOPLU YÜKLEME	METEHAN		\N
1380	5411012512231	UI3104	27	GİRİŞ	2026-06-06 15:47:05.507765	427755	3	EXCEL TOPLU YÜKLEME	METEHAN		\N
1381	5411012512248	UI3105	24	GİRİŞ	2026-06-06 15:47:05.507766	427756	3	EXCEL TOPLU YÜKLEME	METEHAN		\N
1382	5411012512255	UI3107	31	GİRİŞ	2026-06-06 15:47:05.507767	427757	3	EXCEL TOPLU YÜKLEME	METEHAN		\N
1383	5411012513085	UI3201	29	GİRİŞ	2026-06-06 15:47:05.507768	430746	3	EXCEL TOPLU YÜKLEME	METEHAN		\N
1384	5411012513085	UI3201	18	GİRİŞ	2026-06-06 15:47:05.507769	439329	3	EXCEL TOPLU YÜKLEME	METEHAN		\N
1385	5411012513092	UI3202	31	GİRİŞ	2026-06-06 15:47:05.50777	432185	3	EXCEL TOPLU YÜKLEME	METEHAN		\N
1386	5411012513108	UI3203	8	GİRİŞ	2026-06-06 15:47:05.507771	428332	3	EXCEL TOPLU YÜKLEME	METEHAN		\N
1387	5411012513108	UI3203	18	GİRİŞ	2026-06-06 15:47:05.507772	???	3	EXCEL TOPLU YÜKLEME	METEHAN		\N
1388	5411012513115	UI3205	30	GİRİŞ	2026-06-06 15:47:05.507773	439331	3	EXCEL TOPLU YÜKLEME	METEHAN		\N
1389	5411012513115	UI3205	1	GİRİŞ	2026-06-06 15:47:05.507774	???	3	EXCEL TOPLU YÜKLEME	METEHAN		\N
1390	5411012513115	UI3205	27	GİRİŞ	2026-06-06 15:47:05.507775	433667	3	EXCEL TOPLU YÜKLEME	METEHAN		\N
1391	5411012513122	UI3206	35	GİRİŞ	2026-06-06 15:47:05.507776	???	3	EXCEL TOPLU YÜKLEME	METEHAN		\N
1392	5411012513122	UI3206	1	GİRİŞ	2026-06-06 15:47:05.507777	???	3	EXCEL TOPLU YÜKLEME	METEHAN		\N
1393	5411012513139	UI3213	6	GİRİŞ	2026-06-06 15:47:05.507778	428335	3	EXCEL TOPLU YÜKLEME	METEHAN		\N
1394	5411012513139	UI3213	12	GİRİŞ	2026-06-06 15:47:05.507779	431767	3	EXCEL TOPLU YÜKLEME	METEHAN		\N
1395	5411012459154	VR1101	196	GİRİŞ	2026-06-06 15:47:05.50778	432526	3	EXCEL TOPLU YÜKLEME	METEHAN		\N
1396	5411012459178	VR1103	91	GİRİŞ	2026-06-06 15:47:05.507781	439890	3	EXCEL TOPLU YÜKLEME	METEHAN		\N
1397	5411012511043	VR1110	3	GİRİŞ	2026-06-06 15:47:05.507782	438396	3	EXCEL TOPLU YÜKLEME	METEHAN		\N
1398	5411012511043	VR1110	40	GİRİŞ	2026-06-06 15:47:05.507783	439892	3	EXCEL TOPLU YÜKLEME	METEHAN		\N
1399	5411012511050	VR1111	38	GİRİŞ	2026-06-06 15:47:05.507784	438374	3	EXCEL TOPLU YÜKLEME	METEHAN		\N
1400	5411012511050	VR1111	2	GİRİŞ	2026-06-06 15:47:05.507785	435729	3	EXCEL TOPLU YÜKLEME	METEHAN		\N
1401	5411012511036	VR1109	151	GİRİŞ | DİĞER	2026-06-06 16:08:24.48258	432511	4	\N	METEHAN		\N
1402	5411012511036	VR1109	22	GİRİŞ | DİĞER	2026-06-06 16:08:58.575565	431679	5	\N	METEHAN		\N
1403	1	DENEME	1	GİRİŞ | SATIN ALMA	2026-06-06 16:49:49.164692	1	6	\N	METEHAN		\N
1405	5411012513108	UI3203	0	GÜNCELLEME	2026-06-08 09:17:28.877762	431702	7	EXCEL TOPLU GÜNCELLEME	METEHAN	Miktar 18->18	\N
1406	5411012513115	UI3205	0	GÜNCELLEME	2026-06-08 09:17:28.877764	0	7	EXCEL TOPLU GÜNCELLEME	METEHAN	Miktar 1->1	\N
1407	5411012513122	UI3206	0	GÜNCELLEME	2026-06-08 09:17:28.877766	432244	7	EXCEL TOPLU GÜNCELLEME	METEHAN	Miktar 35->35	\N
1408	5411012513122	UI3206	0	GÜNCELLEME	2026-06-08 09:17:28.877767	438331	7	EXCEL TOPLU GÜNCELLEME	METEHAN	Miktar 1->1	\N
1409	5411012537685	CO1010	-9	ÇIKIŞ	2026-06-08 09:46:00.845189	444145/01	8	BELİRTİLMEDİ	BÜLENT		\N
1410	5411012537692	CO1011	-16	ÇIKIŞ	2026-06-08 09:47:33.811743	443559/01	9	BELİRTİLMEDİ	BÜLENT		\N
1411	1	DENEME	-2	ÇIKIŞ	2026-06-08 11:13:11.098116	1	10	ERBALCI	METEHAN	Not	\N
\.


--
-- Data for Name: urunler; Type: TABLE DATA; Schema: public; Owner: postgres
--

COPY public.urunler (id, barkod, isim, miktar, kategori_id, lot, yer) FROM stdin;
893	5411012537609	CO1002	96	115	444148/01	
894	5411012537616	CO1003	96	115	443595/01	
895	5411012537623	CO1004	24	115	443177/01	
896	5411012537630	CO1005	24	115	443274/01	
898	5411012537654	CO1007	204	115	444152/01	
899	5411012537661	CO1008	96	115	442310/01	
900	5411012537678	CO1009	96	115	443276/01	
903	5411012537708	CO1012	30	115	443741/01	
904	5411012537715	CO1013	24	115	443606/01	
906	5411012537739	CO1015	18	115	441962/01	
907	5411012537746	CO1016	96	115	443560/01	
908	5411012537753	CO1017	96	115	443607/01	
909	5411012537760	CO1018	30	115	443742/01	
911	5411012537784	CO1020	30	115	443561/01	
912	5411012537906	CO1101	30	115	443345/01	
913	5411012537913	CO1102	36	115	443562/01	
914	5411012537920	CO1103	30	115	443563/01	
915	5411012537937	CO1104	18	115	443743/01	
916	5411012537944	CO1105	24	115	440844/02	
917	5411012537951	CO1106	30	115	442758/01	
919	5411012537982	CO1202	156	115	444174/01	
920	5411012537999	CO1203	96	115	443746/01	
921	5411012538002	CO1204	30	115	440896/01	
922	5411012538019	CO1205	96	115	442762/01	
923	5411012538026	CO1206	156	115	443749/01	
924	5411012537791	CO3001	96	115	440815/01	
925	5411012537807	CO3002	96	115	440816/01	
926	5411012537814	CO3003	96	115	440817/01	
927	5411012537821	CO3004	0	115	0	
928	5411012537852	CO3005	30	115	440819/01	
929	5411012537838	CO3006	30	115	440820/01	
930	5411012537845	CO3007	30	115	440821/01	
931	5411012537876	CO3008	18	115	440822/01	
932	5411012537869	CO3009	96	115	443981/01	
933	5411012537883	CO3010	96	115	443982/01	
934	5411012538378	CO3101	30	115	442765/01	
935	5411012538385	CO3102	30	115	442766/01	
936	5411012538392	CO3103	30	115	443752/01	
937	5411012524869	VE1001	30	116	439332	
938	5411012524876	VE1002	21	116	438630	
939	5411012524883	VE1003	22	116	438631	
940	5411012524890	VE1004	14	116	438632	
942	5411012524913	VE1006	18	116	437069	
943	5411012525972	VE1101	35	116	439071	
944	5411012525989	VE1102	36	116	438407	
945	5411012525996	VE1103	81	116	438408	
946	5411012526009	VE1104	46	116	438409	
948	5411012526023	VE1106	40	116	439076	
949	5411012526047	VE1108	48	116	438412	
950	5411012526054	VE1109	45	116	438413	
951	5411012526061	VE1110	44	116	437730	
952	5411012526078	VE1111	7	116	437731	
953	5411012526085	VE1112	44	116	437732	
954	5411012526092	VE1113	30	116	437733	
955	5411012526795	VE1201	31	116	435937	
956	5411012526801	VE1202	20	116	435938	
957	5411012526818	VE1203	15	116	435939	
958	5411012526825	VE1204	26	116	435940	
959	5411012526832	VE1205	12	116	435941	
960	5411012528072	VE1301	5	116	437087	
961	5411012528089	VE1304	31	116	437089	
962	5411012528119	VE1305	36	116	436262	
963	5411012528126	VE1306	6	116	436263	
964	5411012528133	VE1307	24	116	436264	
965	5411012528140	VE1308	29	116	438415	
966	5411012524968	VE3001	6	116	437090	
967	5411012524975	VE3002	0	116	0	
968	5411012524982	VE3003	0	116	0	
969	5411012524999	VE3004	9	116	437093	
970	5411012525002	VE3005	0	116	0	
971	5411012525132	VE3201	30	116	439926	
972	5411012525149	VE3202	6	116	438212	
973	5411012525156	VE3203	6	116	438213	
974	5411012525163	VE3204	12	116	439080	
976	5411012528195	VE3301	0	116	0	
977	5411012528201	VE3306	1	116	436461	
979	5411012528225	VE3308	0	116	0	
910	5411012537777	CO1019	29	115	443608/01	
897	5411012537647	CO1006	56	115	443856/01	
941	5411012524906	VE1005	9	116	438633	
905	5411012537722	CO1014	58	115	441812/01	
901	5411012537685	CO1010	87	115	444145/01	
892	5411012537593	CO1001	96	115	444146/01	-
978	5411012528218	VE3307	1	116	0	
980	5411012528232	VE3317	0	116	0	
918	5411012537975	CO1201	154	115	443744/01	
902	5411012537692	CO1011	80	115	443559/01	
947	5411012526016	VE1105	19	116	439075	
975	5411012525170	VE3205	3	116	439081	
981	1	DENEME	2	117	1	BELİRTİLMEDİ
982	5411012512354	UI1001	37	118	438405	
983	5411012512354	UI1001	2	118	432087	
984	5411012512262	UI1002	6	118	432944	
985	5411012512262	UI1002	36	118	438872	
986	5411012512262	UI1002	4	118	432184	
987	5411012512279	UI1003	30	118	438873	
988	5411012512279	UI1003	5	118	427894	
989	5411012512279	UI1003	25	118	431696	
990	5411012512286	UI1004	24	118	431695	
991	5411012512286	UI1004	3	118	429980	
992	5411012512293	UI1005	72	118	440762	
993	5411012512293	UI1005	9	118	434196	
994	5411012512293	UI1005	23	118	438875	
995	5411012512293	UI1005	1	118	432824	
996	5411012512309	UI1006	24	118	439523	
997	5411012512309	UI1006	45	118	430741	
998	5411012512309	UI1006	18	118	437869	
999	5411012512316	UI1007	25	118	423983	
1000	5411012512323	UI1008	22	118	431698	
1001	5411012512330	UI1009	30	118	438876	
1002	5411012512330	UI1009	20	118	433666	
1003	5411012512347	UI1010	30	118	438877	
1004	5411012512347	UI1010	18	118	431699	
1005	5411012511241	UI2001	27	118	430466	
1006	5411012511258	UI2003	12	118	430742	
1007	5411012511258	UI2003	8	118	429609	
1008	5411012511258	UI2003	12	118	437871	
1009	5411012511265	UI2009	12	118	429434	
1010	5411012511289	UI2010	22	118	427219	
1011	5411012511272	UI2011	24	118	429435	
1012	5411012511180	UI3001	18	118	432088	
1013	5411012511180	UI3001	20	118	429987	
1014	5411012511180	UI3001	1	118	427221	
1015	5411012511210	UI3003	20	118	427222	
1016	5411012511197	UI3009	12	118	429989	
1017	5411012511197	UI3009	30	118	434566	
1018	5411012511203	UI3010	11	118	429990	
1019	5411012511234	UI3011	57	118	429991	
1020	5411012511227	UI3033	25	118	427226	
1023	5411012512217	UI3102	17	118	427754	
1024	5411012512231	UI3104	27	118	427755	
1025	5411012512248	UI3105	24	118	427756	
1026	5411012512255	UI3107	31	118	427757	
1027	5411012513085	UI3201	29	118	430746	
1028	5411012513085	UI3201	18	118	439329	
1029	5411012513092	UI3202	31	118	432185	
1030	5411012513108	UI3203	8	118	428332	
1032	5411012513115	UI3205	30	118	439331	
1034	5411012513115	UI3205	27	118	433667	
1037	5411012513139	UI3213	6	118	428335	
1038	5411012513139	UI3213	12	118	431767	
1039	5411012459154	VR1101	196	118	432526	
1040	5411012459178	VR1103	91	118	439890	
1041	5411012511043	VR1110	3	118	438396	
1042	5411012511043	VR1110	40	118	439892	
1043	5411012511050	VR1111	38	118	438374	
1044	5411012511050	VR1111	2	118	435729	
1045	5411012511036	VR1109	151	118	432511	BELİRTİLMEDİ
1046	5411012511036	VR1109	22	118	431679	BELİRTİLMEDİ
1022	5411012512224	UI3101	20	118	431700	
1031	5411012513108	UI3203	18	118	431702	
1033	5411012513115	UI3205	1	118	0	
1035	5411012513122	UI3206	35	118	432244	
1036	5411012513122	UI3206	1	118	438331	
\.


--
-- Name: depo_yerleri_id_seq; Type: SEQUENCE SET; Schema: public; Owner: postgres
--

SELECT pg_catalog.setval('public.depo_yerleri_id_seq', 36, true);


--
-- Name: islem_nedenleri_id_seq; Type: SEQUENCE SET; Schema: public; Owner: postgres
--

SELECT pg_catalog.setval('public.islem_nedenleri_id_seq', 3, true);


--
-- Name: kategoriler_id_seq; Type: SEQUENCE SET; Schema: public; Owner: postgres
--

SELECT pg_catalog.setval('public.kategoriler_id_seq', 118, true);


--
-- Name: kullanicilar_id_seq; Type: SEQUENCE SET; Schema: public; Owner: postgres
--

SELECT pg_catalog.setval('public.kullanicilar_id_seq', 39, true);


--
-- Name: musteriler_id_seq; Type: SEQUENCE SET; Schema: public; Owner: postgres
--

SELECT pg_catalog.setval('public.musteriler_id_seq', 31, true);


--
-- Name: roller_id_seq; Type: SEQUENCE SET; Schema: public; Owner: postgres
--

SELECT pg_catalog.setval('public.roller_id_seq', 11, true);


--
-- Name: sayimlar_id_seq; Type: SEQUENCE SET; Schema: public; Owner: postgres
--

SELECT pg_catalog.setval('public.sayimlar_id_seq', 156, true);


--
-- Name: stok_hareketleri_id_seq; Type: SEQUENCE SET; Schema: public; Owner: postgres
--

SELECT pg_catalog.setval('public.stok_hareketleri_id_seq', 1411, true);


--
-- Name: urunler_id_seq; Type: SEQUENCE SET; Schema: public; Owner: postgres
--

SELECT pg_catalog.setval('public.urunler_id_seq', 1046, true);


--
-- Name: depo_yerleri depo_yerleri_pkey; Type: CONSTRAINT; Schema: public; Owner: postgres
--

ALTER TABLE ONLY public.depo_yerleri
    ADD CONSTRAINT depo_yerleri_pkey PRIMARY KEY (id);


--
-- Name: islem_nedenleri islem_nedenleri_pkey; Type: CONSTRAINT; Schema: public; Owner: postgres
--

ALTER TABLE ONLY public.islem_nedenleri
    ADD CONSTRAINT islem_nedenleri_pkey PRIMARY KEY (id);


--
-- Name: kategoriler kategoriler_ad_key; Type: CONSTRAINT; Schema: public; Owner: postgres
--

ALTER TABLE ONLY public.kategoriler
    ADD CONSTRAINT kategoriler_ad_key UNIQUE (ad);


--
-- Name: kategoriler kategoriler_pkey; Type: CONSTRAINT; Schema: public; Owner: postgres
--

ALTER TABLE ONLY public.kategoriler
    ADD CONSTRAINT kategoriler_pkey PRIMARY KEY (id);


--
-- Name: kullanicilar kullanicilar_pkey; Type: CONSTRAINT; Schema: public; Owner: postgres
--

ALTER TABLE ONLY public.kullanicilar
    ADD CONSTRAINT kullanicilar_pkey PRIMARY KEY (id);


--
-- Name: musteriler musteriler_pkey; Type: CONSTRAINT; Schema: public; Owner: postgres
--

ALTER TABLE ONLY public.musteriler
    ADD CONSTRAINT musteriler_pkey PRIMARY KEY (id);


--
-- Name: roller roller_pkey; Type: CONSTRAINT; Schema: public; Owner: postgres
--

ALTER TABLE ONLY public.roller
    ADD CONSTRAINT roller_pkey PRIMARY KEY (id);


--
-- Name: sayimlar sayimlar_pkey; Type: CONSTRAINT; Schema: public; Owner: postgres
--

ALTER TABLE ONLY public.sayimlar
    ADD CONSTRAINT sayimlar_pkey PRIMARY KEY (id);


--
-- Name: stok_hareketleri stok_hareketleri_pkey; Type: CONSTRAINT; Schema: public; Owner: postgres
--

ALTER TABLE ONLY public.stok_hareketleri
    ADD CONSTRAINT stok_hareketleri_pkey PRIMARY KEY (id);


--
-- Name: urunler urunler_pkey; Type: CONSTRAINT; Schema: public; Owner: postgres
--

ALTER TABLE ONLY public.urunler
    ADD CONSTRAINT urunler_pkey PRIMARY KEY (id);


--
-- Name: ix_depo_yerleri_ad; Type: INDEX; Schema: public; Owner: postgres
--

CREATE UNIQUE INDEX ix_depo_yerleri_ad ON public.depo_yerleri USING btree (ad);


--
-- Name: ix_depo_yerleri_id; Type: INDEX; Schema: public; Owner: postgres
--

CREATE INDEX ix_depo_yerleri_id ON public.depo_yerleri USING btree (id);


--
-- Name: ix_islem_nedenleri_ad; Type: INDEX; Schema: public; Owner: postgres
--

CREATE UNIQUE INDEX ix_islem_nedenleri_ad ON public.islem_nedenleri USING btree (ad);


--
-- Name: ix_islem_nedenleri_id; Type: INDEX; Schema: public; Owner: postgres
--

CREATE INDEX ix_islem_nedenleri_id ON public.islem_nedenleri USING btree (id);


--
-- Name: ix_kullanicilar_id; Type: INDEX; Schema: public; Owner: postgres
--

CREATE INDEX ix_kullanicilar_id ON public.kullanicilar USING btree (id);


--
-- Name: ix_kullanicilar_kullanici_adi; Type: INDEX; Schema: public; Owner: postgres
--

CREATE UNIQUE INDEX ix_kullanicilar_kullanici_adi ON public.kullanicilar USING btree (kullanici_adi);


--
-- Name: ix_musteriler_ad; Type: INDEX; Schema: public; Owner: postgres
--

CREATE UNIQUE INDEX ix_musteriler_ad ON public.musteriler USING btree (ad);


--
-- Name: ix_musteriler_id; Type: INDEX; Schema: public; Owner: postgres
--

CREATE INDEX ix_musteriler_id ON public.musteriler USING btree (id);


--
-- Name: ix_roller_ad; Type: INDEX; Schema: public; Owner: postgres
--

CREATE UNIQUE INDEX ix_roller_ad ON public.roller USING btree (ad);


--
-- Name: ix_roller_id; Type: INDEX; Schema: public; Owner: postgres
--

CREATE INDEX ix_roller_id ON public.roller USING btree (id);


--
-- Name: ix_sayimlar_id; Type: INDEX; Schema: public; Owner: postgres
--

CREATE INDEX ix_sayimlar_id ON public.sayimlar USING btree (id);


--
-- Name: urunler urunler_kategori_id_fkey; Type: FK CONSTRAINT; Schema: public; Owner: postgres
--

ALTER TABLE ONLY public.urunler
    ADD CONSTRAINT urunler_kategori_id_fkey FOREIGN KEY (kategori_id) REFERENCES public.kategoriler(id);


--
-- PostgreSQL database dump complete
--

\unrestrict mWMeIjQTUknn44ezucPhgYuOr05gbaKQtgDfe7HuxsIdfA2eDakhJWuTDt0djTR

